{"name":"5f0ce795-7527-42b7-91b2-a54c0a0cf7b1","id":"/providers/Microsoft.Flow/flows/5f0ce795-7527-42b7-91b2-a54c0a0cf7b1","type":"Microsoft.Flow/flows","properties":{"apiId":"/providers/Microsoft.PowerApps/apis/shared_logicflows","displayName":"EWI Midtour - SMS Receiver","definition":{"metadata":{"workflowEntityId":null,"processAdvisorMetadata":null,"flowChargedByPaygo":null,"flowclientsuspensionreason":"None","flowclientsuspensiontime":null,"flowclientsuspensionreasondetails":null,"creator":{"id":"585c8c68-81fd-4d81-a100-7077d8d78686","type":"User","tenantId":"72f988bf-86f1-41af-91ab-2d7cd011db47"},"provisioningMethod":"FromDefinition","failureAlertSubscription":true,"clientLastModifiedTime":"2023-06-14T21:21:30.5897095Z"},"$schema":"https://schema.management.azure.com/providers/Microsoft.Logic/schemas/2016-06-01/workflowdefinition.json#","contentVersion":"1.0.0.0","parameters":{"$connections":{"defaultValue":{},"type":"Object"},"$authentication":{"defaultValue":{},"type":"SecureObject"}},"triggers":{"When_a_new_email_arrives_(V3)":{"splitOn":"@triggerOutputs()?['body/value']","metadata":{"operationMetadataId":"970071e2-742a-45a3-a888-f51d8d959429"},"type":"OpenApiConnectionNotification","inputs":{"host":{"apiId":"/providers/Microsoft.PowerApps/apis/shared_office365","connectionName":"shared_office365","operationId":"OnNewEmailV3"},"parameters":{"folderPath":"Inbox","includeAttachments":true,"subjectFilter":"[EXTERNAL]","importance":"Any","fetchOnlyWithAttachment":false},"authentication":"@parameters('$authentication')"},"runtimeConfiguration":{"concurrency":{"runs":100}}}},"actions":{"attachment_text":{"runAfter":{"Terminate":["Skipped"]},"metadata":{"operationMetadataId":"de24a154-83f2-43e8-984b-7b795e5efeef"},"type":"InitializeVariable","inputs":{"variables":[{"name":"attchData","type":"string"}]}},"Create_item":{"runAfter":{"Move_email_(V2)":["Succeeded","Failed"]},"metadata":{"operationMetadataId":"df70c7b0-a371-478d-a70b-a14ea8c231a1"},"type":"OpenApiConnection","inputs":{"host":{"apiId":"/providers/Microsoft.PowerApps/apis/shared_sharepointonline","connectionName":"shared_sharepointonline","operationId":"PostItem"},"parameters":{"dataset":"https://microsoft.sharepoint.com/teams/Spaethe","table":"a1675174-088f-4fe1-9eed-47c0a483049d","item/Title":"@triggerOutputs()?['body/from']","item/Message":"@variables('msg')","item/Source":"@outputs('Move_email_(V2)')?['body/subject']","item/Done":"false"},"authentication":"@parameters('$authentication')"}},"Condition":{"actions":{"Set_msg":{"runAfter":{},"metadata":{"operationMetadataId":"235cc43d-201d-44da-b97a-7d48ad2810dc"},"type":"SetVariable","inputs":{"name":"msg","value":"@{replace(split(triggerOutputs()?['body/body'],']')[1],'%0A','')}&@{variables('attchData')}"}}},"runAfter":{"Apply_to_each":["Succeeded"]},"else":{"actions":{"Set_variable_2":{"runAfter":{},"metadata":{"operationMetadataId":"001fcdc4-9893-440e-9b27-ef086ad7b8d8"},"type":"SetVariable","inputs":{"name":"msg","value":"@{triggerOutputs()?['body/body']}&@{variables('attchData')}"}}}},"expression":{"contains":["@triggerOutputs()?['body/body']","]"]},"metadata":{"operationMetadataId":"a9309416-0bd0-4981-820b-a85a830ed7c1"},"type":"If"},"msg":{"runAfter":{"attachment_text":["Succeeded"]},"metadata":{"operationMetadataId":"552044bb-7fac-4bf2-ad69-287686d91b24"},"type":"InitializeVariable","inputs":{"variables":[{"name":"msg","type":"string"}]}},"Set_variable_3":{"runAfter":{"Compose":["Succeeded"]},"metadata":{"operationMetadataId":"1bd87e54-f89e-4073-b4a0-8ad571ccc186"},"type":"SetVariable","inputs":{"name":"msg","value":"@{outputs('Compose')}"}},"Compose":{"runAfter":{"Condition":["Succeeded"]},"metadata":{"operationMetadataId":"ae4c471c-9ccc-49d3-a302-3a3e7480ba5b"},"type":"Compose","inputs":"@replace(replace(replace(replace(uriComponent(variables('msg')),'%0A',''),'%0D',''),'%26',''),'%20','')"},"Mark_as_read_or_unread_(V3)":{"runAfter":{"Scope":["Succeeded","Skipped","Failed"]},"metadata":{"operationMetadataId":"bda3e2eb-c121-4ad4-b0f3-c98fb187ac16"},"type":"OpenApiConnection","inputs":{"host":{"apiId":"/providers/Microsoft.PowerApps/apis/shared_office365","connectionName":"shared_office365","operationId":"MarkAsRead_V3"},"parameters":{"messageId":"@triggerOutputs()?['body/id']","body/isRead":true},"authentication":"@parameters('$authentication')"}},"Move_email_(V2)":{"runAfter":{"Mark_as_read_or_unread_(V3)":["Succeeded","Failed"]},"metadata":{"Id::AAMkAGViNzJjNmJhLWFiM2EtNDk5Mi05Mjg5LWJlZmVkNmYyNzUzYwAuAAAAAAD6hEg_KkDhRbOiLj0v8GW0AQCjq8gVwUuuQ57eWxjCHxfUAAALGuuxAAA=":"EWIGameSpam","operationMetadataId":"dda82f3d-a56c-4434-ba32-72588f91a8bd"},"type":"OpenApiConnection","inputs":{"host":{"apiId":"/providers/Microsoft.PowerApps/apis/shared_office365","connectionName":"shared_office365","operationId":"MoveV2"},"parameters":{"messageId":"@triggerOutputs()?['body/id']","folderPath":"Id::AAMkAGViNzJjNmJhLWFiM2EtNDk5Mi05Mjg5LWJlZmVkNmYyNzUzYwAuAAAAAAD6hEg_KkDhRbOiLj0v8GW0AQCjq8gVwUuuQ57eWxjCHxfUAAALGuuxAAA="},"authentication":"@parameters('$authentication')"}},"Scope":{"actions":{"Switch":{"runAfter":{},"cases":{"Case":{"case":"UP","actions":{"Run_script":{"runAfter":{},"metadata":{"01CIWZZF64K7M4LULKA5E2KO4UREI75Z2V":"/EWI Midtour Game.xlsx","tableId":null,"operationMetadataId":"7edb6585-8d6f-44c9-a3ea-a510825d026f"},"type":"OpenApiConnection","inputs":{"host":{"apiId":"/providers/Microsoft.PowerApps/apis/shared_excelonlinebusiness","connectionName":"shared_excelonlinebusiness","operationId":"RunScriptProd"},"parameters":{"source":"https://microsoft.sharepoint.com/teams/Spaethe/","drive":"b!SrTd-Dhxuka6Dy7CuAcVu87gZArkjEFJqT5eEhkAxk4427S86rLDSb02Gym5ldG0","file":"01CIWZZF64K7M4LULKA5E2KO4UREI75Z2V","scriptId":"ms-officescript%3A%2F%2Fonedrive_business_itemlink%2F01WYCOGNVMWPVXVZRE2JAYF2JKEMZUIO2C"},"authentication":"@parameters('$authentication')"}}}},"Case_2":{"case":"DOWN","actions":{"Run_script_2":{"runAfter":{},"metadata":{"01CIWZZF64K7M4LULKA5E2KO4UREI75Z2V":"/EWI Midtour Game.xlsx","tableId":null,"operationMetadataId":"f3f535da-a725-4a65-875e-87efbe4ceb0d"},"type":"OpenApiConnection","inputs":{"host":{"apiId":"/providers/Microsoft.PowerApps/apis/shared_excelonlinebusiness","connectionName":"shared_excelonlinebusiness","operationId":"RunScriptProd"},"parameters":{"source":"https://microsoft.sharepoint.com/teams/Spaethe/","drive":"b!SrTd-Dhxuka6Dy7CuAcVu87gZArkjEFJqT5eEhkAxk4427S86rLDSb02Gym5ldG0","file":"01CIWZZF64K7M4LULKA5E2KO4UREI75Z2V","scriptId":"ms-officescript%3A%2F%2Fonedrive_business_itemlink%2F01WYCOGNWXHGL6PJUVDJGYFIVOKY5J6N3A"},"authentication":"@parameters('$authentication')"}}}},"Case_3":{"case":"LEFT","actions":{"Run_script_3":{"runAfter":{},"metadata":{"01CIWZZF64K7M4LULKA5E2KO4UREI75Z2V":"/EWI Midtour Game.xlsx","tableId":null,"operationMetadataId":"43e78990-1133-4078-8ee2-5a51315a8425"},"type":"OpenApiConnection","inputs":{"host":{"apiId":"/providers/Microsoft.PowerApps/apis/shared_excelonlinebusiness","connectionName":"shared_excelonlinebusiness","operationId":"RunScriptProd"},"parameters":{"source":"https://microsoft.sharepoint.com/teams/Spaethe/","drive":"b!SrTd-Dhxuka6Dy7CuAcVu87gZArkjEFJqT5eEhkAxk4427S86rLDSb02Gym5ldG0","file":"01CIWZZF64K7M4LULKA5E2KO4UREI75Z2V","scriptId":"ms-officescript%3A%2F%2Fonedrive_business_itemlink%2F01WYCOGNV2J3WT6ZSAHNB2JWRCFOWD7X3N"},"authentication":"@parameters('$authentication')"}}}},"Case_4":{"case":"RIGHT","actions":{"Run_script_4":{"runAfter":{},"metadata":{"01CIWZZF64K7M4LULKA5E2KO4UREI75Z2V":"/EWI Midtour Game.xlsx","tableId":null,"operationMetadataId":"b6497e3d-2f46-4b03-9086-4eb1c058c67e"},"type":"OpenApiConnection","inputs":{"host":{"apiId":"/providers/Microsoft.PowerApps/apis/shared_excelonlinebusiness","connectionName":"shared_excelonlinebusiness","operationId":"RunScriptProd"},"parameters":{"source":"https://microsoft.sharepoint.com/teams/Spaethe/","drive":"b!SrTd-Dhxuka6Dy7CuAcVu87gZArkjEFJqT5eEhkAxk4427S86rLDSb02Gym5ldG0","file":"01CIWZZF64K7M4LULKA5E2KO4UREI75Z2V","scriptId":"ms-officescript%3A%2F%2Fonedrive_business_itemlink%2F01WYCOGNXJDLLAREMTT5HYUOVHNBBAGPH2"},"authentication":"@parameters('$authentication')"}}}},"Case_5":{"case":"SPIDERWITHATOPHATBLAST","actions":{"Run_script_5":{"runAfter":{},"metadata":{"01CIWZZF64K7M4LULKA5E2KO4UREI75Z2V":"/EWI Midtour Game.xlsx","tableId":null,"operationMetadataId":"79f62acf-f8cf-49f5-9dd4-79232c85309c"},"type":"OpenApiConnection","inputs":{"host":{"apiId":"/providers/Microsoft.PowerApps/apis/shared_excelonlinebusiness","connectionName":"shared_excelonlinebusiness","operationId":"RunScriptProd"},"parameters":{"source":"https://microsoft.sharepoint.com/teams/Spaethe/","drive":"b!SrTd-Dhxuka6Dy7CuAcVu87gZArkjEFJqT5eEhkAxk4427S86rLDSb02Gym5ldG0","file":"01CIWZZF64K7M4LULKA5E2KO4UREI75Z2V","scriptId":"ms-officescript%3A%2F%2Fonedrive_business_itemlink%2F01WYCOGNXEXCIDY7BLD5C37AUADRJ67YS4"},"authentication":"@parameters('$authentication')"}}}}},"default":{"actions":{"Terminate_2":{"runAfter":{},"metadata":{"operationMetadataId":"a1d313fc-38eb-4db8-9a4e-33a1cdb684b9"},"type":"Terminate","inputs":{"runStatus":"Succeeded"}}}},"expression":"@toUpper(variables('msg'))","metadata":{"operationMetadataId":"e238d1f5-d136-479c-9524-cd5c43fca8d8"},"type":"Switch"}},"runAfter":{"Set_variable_3":["Failed"]},"metadata":{"operationMetadataId":"52505e15-20c2-491f-b403-27dd2d3fe752"},"type":"Scope"},"Apply_to_each":{"foreach":"@triggerOutputs()?['body/attachments']","actions":{"Get_Attachment_(V2)":{"runAfter":{},"metadata":{"operationMetadataId":"419f6e81-9a30-4dcf-9c06-e9c97c3d7a5b"},"type":"OpenApiConnection","inputs":{"host":{"apiId":"/providers/Microsoft.PowerApps/apis/shared_office365","connectionName":"shared_office365","operationId":"GetAttachment_V2"},"parameters":{"messageId":"@triggerOutputs()?['body/id']","attachmentId":"@items('Apply_to_each')?['id']"},"authentication":"@parameters('$authentication')"}},"Set_variable":{"runAfter":{"Get_Attachment_(V2)":["Succeeded"]},"metadata":{"operationMetadataId":"387f22ce-e7cc-4d76-8eb7-968107ba1040"},"type":"SetVariable","inputs":{"name":"attchData","value":"@base64ToString(outputs('Get_Attachment_(V2)')?['body/contentBytes'])"}}},"runAfter":{"msg":["Succeeded"]},"metadata":{"operationMetadataId":"e214414c-40b0-4da6-9fa4-2783210dbcd0"},"type":"Foreach"},"Condition_2":{"actions":{},"runAfter":{},"expression":{"greaterOrEquals":["@int(substring(triggerOutputs()?['body/from'],2,1))",0]},"metadata":{"operationMetadataId":"705f8033-9faa-4ca7-a624-69c46d4afa45"},"type":"If"},"Terminate":{"runAfter":{"Condition_2":["Failed"]},"metadata":{"operationMetadataId":"a595ec52-c7b9-47d5-b8dd-95350be79637"},"type":"Terminate","inputs":{"runStatus":"Succeeded"}}}},"connectionReferences":{"shared_sharepointonline":{"connectionName":"shared-sharepointonl-080b1c3c-1d06-4c5e-a717-04fdab3977f5","source":"Embedded","id":"/providers/Microsoft.PowerApps/apis/shared_sharepointonline","tier":"NotSpecified"},"shared_office365":{"connectionName":"shared-office365-29498979-f2cf-4bbb-a904-69982c96e32d","source":"Embedded","id":"/providers/Microsoft.PowerApps/apis/shared_office365","tier":"NotSpecified"},"shared_excelonlinebusiness":{"connectionName":"shared-excelonlinebu-20089e9b-b460-439e-8354-1ba809a07994","source":"Embedded","id":"/providers/Microsoft.PowerApps/apis/shared_excelonlinebusiness","tier":"NotSpecified"}},"flowFailureAlertSubscribed":false,"isManaged":false}}